episode_idx,final_pos_error,is_crash,total_reward,jitter_norm,start_yaw_rad,truncation_reason,disturbance_fired,disturbance_type,disturbance_level,disturbance_magnitude,recovered,recovery_time_steps,wind_steady_state_error_mean
0,0.43851572275161743,True,-18.659560528223906,0.3188829064173994,-0.25314553807287665,tilt,True,kick,5,1.956377788638861,False,,
1,0.01596774533390999,False,-27.064899456987476,0.413421458276461,-0.24421402169144382,timeout,True,wind,4,0.10702622482410237,True,0,0.027398369057724872
2,0.1203780248761177,True,-16.830229136364554,0.36477959879419264,0.0893387346207612,tilt,True,torque,4,7.846155334443761,False,,
3,0.02058848738670349,False,-18.102279308516536,0.15929815154717575,-0.19106302318180546,timeout,True,wind,3,0.08576062967427178,True,0,0.038260654748107
4,0.015990307554602623,False,-21.07169916492619,0.27738727213497966,-0.09326896872921608,timeout,True,wind,3,0.080137336765214,True,0,0.019768127185913423
5,0.12359586358070374,True,-17.578919873553257,0.3630475017708967,-0.13646584053239288,tilt,True,torque,4,6.175704104415583,False,,
6,0.020336125046014786,False,-23.23208721905562,0.3605229239276642,-0.049976539802558145,timeout,True,wind,1,0.021815060912382438,True,0,0.017793607156878957
7,0.008457484655082226,False,-28.885689212643225,0.3646170151107249,0.06760087006595139,timeout,True,kick,4,1.2761508618863135,True,18,
8,0.13829922676086426,False,-29.79655500321729,0.31152134737578463,-0.0013494734870266867,timeout,True,torque,3,5.571571401427615,True,0,
9,0.01799994334578514,False,-25.380571806407687,0.37152357339478514,0.24500558011492185,timeout,True,wind,5,0.17454560360982302,True,0,0.04321898763688902
10,0.01056673377752304,False,-27.271969284225502,0.4154117745851606,-0.010478298591398927,timeout,True,kick,2,0.7405641736154924,True,0,
11,0.03386927768588066,False,-32.09049403464844,0.40282000309223404,0.05988569206369648,timeout,True,torque,3,5.43843954565348,True,20,
12,0.016515668481588364,False,-27.167587459087464,0.419533591306019,-0.2268805808640553,timeout,True,torque,2,2.8605974638956666,True,0,
13,0.6268559694290161,True,-22.73577264299125,0.36335564562350153,-0.11082975646265117,tilt,True,kick,5,1.777045251086634,False,,
14,0.015135702677071095,False,-20.28701895463735,0.2119553687844871,0.24037249162093405,timeout,True,torque,2,3.1052230210425744,True,0,
15,0.15078911185264587,True,-22.914341936584822,0.41612219631002495,-0.04430481442849818,tilt,True,torque,5,9.039818243229167,False,,
16,0.20451106131076813,False,-43.08830726298021,0.3226481790759037,-0.19539810833023583,timeout,True,kick,5,1.5297320758001693,True,24,
17,0.033652372658252716,False,-22.640481278904797,0.24410212605630016,0.19012929430853104,timeout,True,wind,4,0.12042826022174583,True,0,0.036846798534194626
18,0.12510685622692108,True,-15.38792844887264,0.3512432066228618,0.0879066871930857,tilt,True,torque,5,12.702858308857675,False,,
19,0.7578628659248352,True,-22.029119517608628,0.25865213008257676,-0.05468608392243446,tilt,True,kick,5,1.7807003837751114,False,,
20,0.029883120208978653,False,-25.85055758016575,0.38032232034916647,0.03738264898174881,timeout,True,torque,1,1.7726492012253887,True,0,
21,0.014528772793710232,False,-27.3265850731837,0.21529915176544137,0.05353230757055055,timeout,True,kick,5,1.5361326327649385,True,25,
22,0.03255637735128403,False,-29.132347157342757,0.2889753667812342,0.19557599231307038,timeout,True,kick,3,1.073786580092266,True,21,
23,0.02543756552040577,False,-23.746272238282984,0.34916070819798267,-0.0017950569292966012,timeout,True,kick,1,0.43474668754545476,True,0,
24,0.03567836806178093,False,-25.18457277923464,0.29989095003102084,0.0412378559081405,timeout,True,kick,1,0.46162735036271363,True,0,
25,0.011673802509903908,False,-21.75302888559795,0.2609867867765117,0.05385156085587395,timeout,True,wind,4,0.13654763050829558,True,0,0.030099624135376264
26,0.4761238694190979,True,-24.940526062925265,0.3567679318955837,-0.0075737836242071865,tilt,True,kick,3,1.0632586717615389,False,,
27,0.019638637080788612,False,-20.185291800880144,0.2649672810048471,-0.07209538853589995,timeout,True,wind,4,0.12165639934520658,True,0,0.03291463626082987
28,0.1649288684129715,False,-41.41103295746899,0.33616545713523843,0.10670197927245278,timeout,True,kick,5,1.990914161435897,True,39,
29,0.027944443747401237,False,-22.080451428909296,0.29117641041350234,-0.012489363911595247,timeout,True,wind,2,0.06104705698185619,True,0,0.025472507563730082
30,0.012896211817860603,False,-31.938298809597708,0.359227518631104,-0.012478948878370338,timeout,True,kick,3,0.9271212328911342,True,26,
31,0.01023766491562128,False,-20.828133364500516,0.3113230056190729,-0.2407411765767586,timeout,True,wind,1,0.031380517085267165,True,0,0.018303455606413385
32,0.0023215687833726406,False,-24.55051125688378,0.3686852261082488,-0.05671894237237665,timeout,True,wind,4,0.11756915727433227,True,0,0.028270654970159133
33,0.4708981513977051,True,-23.0060198355262,0.28874853158688396,-0.008116334807981962,tilt,True,kick,4,1.1344049744244011,False,,
34,0.018114380538463593,False,-18.116375295068455,0.1679011991601354,0.23230913463419217,timeout,True,torque,1,1.5121736578377352,True,0,
35,0.025194143876433372,False,-19.588510729415,0.17347905494613403,-0.2554394815982891,timeout,True,wind,1,0.03433501361127456,True,0,0.04379915585741401
36,0.03291013091802597,False,-19.704922077374,0.17080353667267043,0.2576227600511665,timeout,True,wind,5,0.1460803161009015,True,0,0.03683225453520814
37,0.02055192179977894,False,-23.261380874896133,0.302440162236926,0.1684898986268648,timeout,True,wind,2,0.05429765265117312,True,0,0.03049448924139142
38,0.030627064406871796,False,-23.21377979733471,0.3435961209685358,-0.20552444261146396,timeout,True,wind,3,0.08183979391212881,True,0,0.033695930956552426
39,0.021671324968338013,False,-24.703286878421533,0.26571705487110736,-0.038368719420089514,timeout,True,wind,5,0.14776109819603173,True,0,0.06259782258421183
40,0.013914020732045174,False,-24.274913606689353,0.20496190665468975,0.16964694977713324,timeout,True,kick,4,1.4347774945716285,True,15,
41,0.02236727997660637,False,-23.40543132131997,0.3475074330791014,-0.03882158180030479,timeout,True,wind,5,0.1480867237590194,True,0,0.03538315963620941
42,0.024095581844449043,False,-23.908859301337642,0.34339494613329435,0.17315111252246268,timeout,True,torque,1,1.5863783547983776,True,0,
43,0.012420584447681904,False,-24.798969295389224,0.3909842421025662,0.20341282911918307,timeout,True,torque,2,2.712729092753143,True,0,
44,0.020675085484981537,False,-23.97310847021569,0.20443757620595948,0.09000809742283372,timeout,True,kick,4,1.1439311544255637,True,16,
45,0.01783622056245804,False,-16.486274004075234,0.1304187019416612,-0.14181585396256843,timeout,True,wind,3,0.09087134058437374,True,0,0.021751666158282508
46,0.03331948071718216,False,-19.137919469280536,0.20571931266808777,-0.012595236562326917,timeout,True,wind,2,0.044684064441720774,True,0,0.017617315783475838
47,0.033709120005369186,False,-23.206207628886887,0.268559438441856,-0.058813645088115124,timeout,True,torque,3,5.753865786658022,True,0,
48,0.028390230610966682,False,-19.284823485457714,0.20203885195678803,-0.16148351928942117,timeout,True,torque,1,1.5059726340651836,True,0,
49,0.1649675965309143,True,-15.62583358404722,0.3583825908122398,0.16819385763199723,tilt,True,torque,5,10.176305440673138,False,,
50,0.10842236131429672,True,-11.900425721825211,0.12087035616980212,0.09203161739373511,tilt,True,torque,3,4.774589830103748,False,,
51,0.019441915675997734,False,-18.40582880761771,0.10449208541764167,0.2543483862116774,timeout,True,torque,1,1.8430147145899904,True,0,
52,0.03431225195527077,False,-27.50838650185865,0.32590688277082835,-0.1661314734003798,timeout,True,wind,5,0.17590793740470193,True,0,0.050870827919182675
53,0.02463669516146183,False,-20.989884463578395,0.3146642853820284,-0.031573294165951754,timeout,True,wind,2,0.0550281387096546,True,0,0.023121909936890006
54,0.2418559491634369,True,-18.693146415670768,0.3641109045224754,0.13728611815082414,tilt,True,kick,4,1.2296585503229505,False,,
55,0.04071492701768875,False,-23.898355540762687,0.278793450636335,0.006361264158100677,timeout,True,kick,1,0.45598895419771635,True,0,
56,0.31975823640823364,True,-12.936972899919807,0.25641439848881836,-0.11473564394746211,tilt,True,kick,4,1.3272769257170507,False,,
57,0.019511094316840172,False,-20.044048992636995,0.2325832961693309,0.18968701903793583,timeout,True,kick,1,0.43467192624502954,True,0,
58,0.021267278119921684,False,-23.342006468864316,0.36717583464858317,-0.22177601003843825,timeout,True,wind,3,0.07497193455856817,True,0,0.03682761757324139
59,0.02709770016372204,False,-24.60654229879373,0.33226267879524407,-0.04336687678955267,timeout,True,torque,2,3.2223489048683485,True,0,
60,0.03148182854056358,False,-18.459802933904218,0.23216870836136003,0.046356425913956334,timeout,True,wind,1,0.02167480647793558,True,0,0.019658928096760064
61,0.026032432913780212,False,-18.354745651998794,0.1552279649185689,0.1092762485505922,timeout,True,wind,2,0.06669595790910113,True,0,0.02758866874501109
62,0.025776773691177368,False,-18.036308248431872,0.1809291862214729,0.04516783526723106,timeout,True,torque,1,1.6692037223800513,True,0,
63,0.10043669492006302,True,-13.955574371775564,0.2443141958906027,-0.06415999721563467,tilt,True,torque,5,9.923688381513108,False,,
64,0.014340044930577278,False,-19.948537634129604,0.24277313177414656,0.13087652461512034,timeout,True,wind,1,0.033786034738603685,True,0,0.03143537216819823
65,0.03566112369298935,False,-29.092352183996077,0.4312522254916993,-0.1351392882929189,timeout,True,kick,1,0.40523360610032433,True,0,
66,0.5060997605323792,True,-22.575052555309348,0.3309806921042786,-0.025631487667986452,tilt,True,kick,5,1.800832052116128,False,,
67,0.03085220605134964,False,-18.942573172165588,0.19421485325852011,-0.1711170373447858,timeout,True,torque,2,3.7780925882868193,True,0,
68,0.03572123497724533,False,-25.905738886123967,0.38646001216413206,0.1472910924428933,timeout,True,torque,3,4.259747049546269,True,0,
69,0.6214647889137268,True,-19.0553281874558,0.2825681788511322,0.2356901411959348,tilt,True,kick,5,1.5330551292866097,False,,
70,0.024926956743001938,False,-25.280282628289903,0.20902725230506913,-0.13316295342461157,timeout,True,kick,4,1.290359117319828,True,19,
71,0.0078049954026937485,False,-18.18087166298758,0.31325406303933434,-0.1436454430254578,timeout,True,wind,2,0.06555572120816841,True,0,0.016554144273201624
72,0.03600086271762848,False,-23.874752934436437,0.2953492419532244,0.17655559542211358,timeout,True,kick,1,0.44364425301863364,True,0,
73,0.03333374857902527,False,-19.379323555439147,0.19301190583139138,0.18768053965528214,timeout,True,wind,1,0.03659782562321898,True,0,0.025420284907643993
74,0.008834474720060825,False,-25.873236727561395,0.40555132504565966,-0.1977278902287743,timeout,True,kick,1,0.42324835005941025,True,0,
75,0.02567274309694767,False,-23.11682214488041,0.30640237009663646,-0.05497110130691635,timeout,True,wind,1,0.029299846003509544,True,0,0.027464629833896956
76,0.028972597792744637,False,-23.77659162248983,0.3008581842083509,-0.16615430559072944,timeout,True,torque,4,6.815157007059477,True,0,
77,0.013427132740616798,False,-28.82638278122372,0.41549110422563124,0.18219636755812352,timeout,True,kick,4,1.1989138961553305,True,0,
78,0.11465451121330261,True,-13.588647573479857,0.26443006522658236,-0.09116723431584967,tilt,True,torque,4,8.535429242874605,False,,
79,0.02912828139960766,False,-21.7631248544049,0.3348057802085576,0.2160085320208227,timeout,True,wind,2,0.0459058934428158,True,0,0.01888982898866137
80,0.0563332661986351,False,-18.366164502088306,0.23251027784767822,0.05765320455697842,timeout,True,wind,1,0.022234956306060885,True,0,0.02581620472483337
81,0.034030549228191376,False,-18.802328828713396,0.22120974750619438,0.23077025191417888,timeout,True,wind,4,0.11724531424818391,True,0,0.02313913404941559
82,0.03236035630106926,False,-24.770007413380867,0.2971770431613266,-0.06689444330318078,timeout,True,torque,2,2.818502902367156,True,0,
83,0.025490254163742065,False,-20.815030946408655,0.2656845617285574,-0.22232593652488886,timeout,True,torque,3,4.653695595091618,True,0,
84,0.01274337712675333,False,-26.79606559541736,0.4146292805712214,-0.06754758689067514,timeout,True,wind,2,0.052167490600676485,True,0,0.030042989334712427
85,0.03236611187458038,False,-21.89698204787108,0.24866520600299935,0.0755032146671552,timeout,True,torque,3,4.260140986910167,True,0,
86,0.02721012942492962,False,-23.17356898468813,0.3466535339063501,-0.2447445453178596,timeout,True,kick,1,0.45459574113222123,True,0,
87,0.0303321685642004,False,-15.626095998982898,0.12800455549874087,-0.022735442298301406,timeout,True,wind,4,0.13238078588279684,True,0,0.03321827528998256
88,0.04151983559131622,False,-18.378543009732137,0.21557053122868555,0.18670050079128186,timeout,True,wind,1,0.03264240422877275,True,0,0.019567089000095923
89,0.34082749485969543,True,-15.77756071891627,0.20233367073746772,0.2022007204688397,tilt,True,kick,4,1.3198273620117937,False,,
90,0.03849352151155472,False,-19.597989462254997,0.29832302814376116,-0.24897726002319778,timeout,True,wind,4,0.11645030777933713,True,0,0.023782612988725305
91,0.052547894418239594,False,-20.9651373794453,0.20993764823488292,0.17929281558800508,timeout,True,torque,5,11.06417391936082,True,0,
92,0.03474440798163414,False,-23.790962999869944,0.3224820825382055,-0.02671296897658304,timeout,True,torque,2,3.0557700893276802,True,0,
93,0.01581503450870514,False,-27.58361563994071,0.3116680000504365,0.22075867844652208,timeout,True,torque,3,5.52863954263532,True,24,
94,0.012305348180234432,False,-22.4365203519998,0.31445311411670407,0.07572414349076406,timeout,True,wind,5,0.15184639078537548,True,0,0.02945167905030151
95,0.15731962025165558,False,-37.569060873344405,0.3047837474208484,-0.2616833061022868,timeout,True,torque,3,5.21600133016088,True,21,
96,0.2594446837902069,False,-47.223004152285284,0.2859501519531537,-0.11668909064251676,timeout,True,kick,4,1.318182649462846,False,,
97,0.03139863908290863,False,-21.885749952151563,0.20579617287496002,0.09464614621994294,timeout,True,kick,3,0.8238654683041204,True,17,
98,0.07772691547870636,False,-22.27020596405513,0.2649730443573756,0.14126183219384242,timeout,True,wind,1,0.033627489236680706,True,0,0.0485530823469162
99,0.024361513555049896,False,-27.165869280486085,0.3898100694142996,0.1267866375771563,timeout,True,torque,2,3.6393738053399445,True,0,
100,0.020442137494683266,False,-34.503297129821696,0.2967629185378272,0.23028326442928643,timeout,True,torque,4,6.675489292364313,True,43,
101,0.051950544118881226,False,-29.348056897020573,0.2986456756594789,-0.06948082330421854,timeout,True,torque,3,5.655248385456345,True,21,
102,0.03179967403411865,False,-22.032191531300285,0.3376099475123859,0.09595785973942855,timeout,True,wind,4,0.1256707123256146,True,0,0.036077319807372984
103,0.04153714329004288,False,-24.263193896372545,0.33885953584547224,-0.1754769471616972,timeout,True,torque,2,2.0260153467497704,True,0,
104,0.03766155242919922,False,-18.22065126426119,0.25203856341094366,-0.12172782859598116,timeout,True,torque,1,1.2663990937332907,True,0,
105,0.2980388402938843,True,-23.27639478040678,0.4149534851560379,-0.21214610188706134,tilt,True,kick,3,1.000090089170491,False,,
106,0.042601827532052994,False,-15.942854192894826,0.2205866853754003,-0.19095163331131973,timeout,True,wind,1,0.03044491865820597,True,0,0.023581672242532173
107,0.023425810039043427,False,-16.602677955753993,0.16308504783979597,-0.10113486151330184,timeout,True,wind,3,0.09386117023499092,True,0,0.025162584132825336
108,0.12929797172546387,True,-14.783595117406962,0.287333455984346,0.04749812255411773,tilt,True,torque,4,7.363785392761377,False,,
109,0.11621668189764023,True,-10.8738922355402,0.25169817565374436,0.18088040415706486,tilt,True,torque,4,8.82581875761939,False,,
110,0.8104954957962036,True,-23.966984525533213,0.2873148443103971,0.22644573303695337,tilt,True,kick,5,1.9000962884467527,False,,
111,0.4046173393726349,True,-19.730127080936004,0.35834580936989524,0.1919128355142296,tilt,True,kick,5,1.871795379256088,False,,
112,0.01696200668811798,False,-20.028171879554577,0.23403467285077553,0.18799071481669088,timeout,True,wind,3,0.08010558686837181,True,0,0.021468903527905543
113,0.01366929616779089,False,-19.316533511248576,0.2300224081184388,0.14024006877225348,timeout,True,wind,3,0.07389462944684752,True,0,0.024350905841371666
114,0.026730945333838463,False,-19.314652493370765,0.2393476716089002,-0.2115367673622645,timeout,True,wind,1,0.03601944790382153,True,0,0.027760922629386186
115,0.04387838765978813,False,-24.965463595402642,0.33930999392854067,0.1913623023428569,timeout,True,kick,3,0.8602892089969847,True,0,
116,0.04093650355935097,False,-19.116170869278292,0.21748969177047062,0.028666876116759166,timeout,True,wind,2,0.06264701015094985,True,0,0.02046237784670666
117,0.07605282217264175,False,-31.370434471207467,0.3117925697301319,0.10040667097268807,timeout,True,torque,5,11.80704694177914,True,0,
118,0.033797647804021835,False,-23.862701320960642,0.42963381503057435,-0.24391661641916426,timeout,True,torque,1,1.8327610351493955,True,0,
119,0.14574386179447174,True,-14.637340029605527,0.34063983439042933,-0.060736522608524746,tilt,True,torque,5,11.187339188450963,False,,
120,0.021185604855418205,False,-19.778323855843443,0.21290038424945257,-0.21875215466705455,timeout,True,wind,4,0.13364884593468443,True,0,0.044003491569310424
121,0.020095961168408394,False,-23.619284613393926,0.3439248466955305,0.1697520010640074,timeout,True,wind,1,0.03579535124406989,True,0,0.026323034800589083
122,0.029007866978645325,False,-24.843333379989105,0.340351473076925,-0.1255616166226869,timeout,True,kick,4,1.3992724480967798,True,0,
123,0.022529345005750656,False,-26.034646393071245,0.392299463986373,0.06103777000689492,timeout,True,wind,1,0.021231970897947858,True,0,0.017045078612864018
124,0.03171605244278908,False,-20.00576293912747,0.3258402946505141,-0.1689059118542366,timeout,True,wind,3,0.07393847833596359,True,0,0.020921767844508093
125,0.06751447170972824,False,-24.742831013566988,0.33999246307387293,-0.13767921059478055,timeout,True,torque,1,1.8776772577642764,True,0,
126,0.025535965338349342,False,-17.782819572828245,0.1366628296941331,0.24053501814924477,timeout,True,kick,1,0.3176735435517013,True,0,
127,0.015195971354842186,False,-18.517913876769658,0.23538392788393844,-0.09226672158653254,timeout,True,wind,3,0.0862006891723397,True,0,0.02876806533895433
128,0.01691911369562149,False,-24.181114846217607,0.3326909323892006,-0.15892768892030795,timeout,True,kick,2,0.5127272065756189,True,0,
129,0.19990591704845428,True,-12.356584831514423,0.2938463550376697,0.2528809668093824,tilt,True,torque,4,6.076398269481623,False,,
130,0.11318439245223999,False,-31.698051738763834,0.3717604117306071,0.22596904590913602,timeout,True,torque,2,3.685756825407897,True,22,
131,0.02297782711684704,False,-20.26397475780042,0.2856501837142091,0.023339018912356124,timeout,True,torque,1,1.3631962240525421,True,0,
132,0.04893113300204277,False,-24.612665262049813,0.3483360151781107,0.04953969636056882,timeout,True,torque,1,1.5922022917999894,True,0,
133,0.05878793075680733,False,-24.96801917786611,0.32766405561761797,0.04382624172549282,timeout,True,wind,5,0.1798562006815652,True,0,0.0359047490482529
134,0.04427473619580269,False,-27.0896129878916,0.4311822148774367,-0.2193713831270329,timeout,True,wind,1,0.0314615452233544,True,0,0.024426558481839795
135,0.037878040224313736,False,-16.410265084555974,0.21458682504483223,-0.189099875185257,timeout,True,wind,5,0.1583434078338006,True,0,0.029184587812051178
136,0.1076115071773529,True,-12.640610508639899,0.2618258072256793,0.08517436971652509,tilt,True,torque,3,4.5993332202763195,False,,
137,0.43970364332199097,True,-20.472097302474648,0.40298908917828813,-0.18292905223744738,tilt,True,kick,5,1.6866494401173844,False,,
138,0.01637757569551468,False,-23.444105136275,0.4309751058469399,0.06597857165692705,timeout,True,wind,3,0.08166554557650449,True,0,0.01918590273708105
139,0.009474069811403751,False,-20.069728673349946,0.25242615380244854,-0.05828648366283706,timeout,True,torque,3,4.0295400098389,True,0,
140,0.0421656034886837,False,-20.0009006839749,0.2707743796210968,-0.24727575607901353,timeout,True,torque,2,2.895793597077896,True,0,
141,0.027801044285297394,False,-18.20202911367938,0.14635999056375412,0.1565574961008216,timeout,True,wind,5,0.14560881913536225,True,0,0.031548447371460495
142,0.14392824470996857,True,-15.577598646794288,0.3149000149595203,0.15192629943186464,tilt,True,torque,5,9.143122237448631,False,,
143,0.02244119718670845,False,-26.025968793924786,0.432145311323813,-0.20173444756920278,timeout,True,wind,1,0.03437901633086334,True,0,0.027031598410879574
144,0.11242161691188812,True,-11.689853545213115,0.08531175900160164,0.10050424934051799,tilt,True,torque,5,11.368093703074097,False,,
145,0.053710609674453735,False,-24.736826375462414,0.3712845980570599,0.20655495450065398,timeout,True,wind,3,0.07836241470044883,True,0,0.02505153852980584
146,0.12467548996210098,True,-9.36273955600216,0.2309844999820465,-0.18499360917662097,tilt,True,torque,5,11.020916091317432,False,,
147,0.015581535175442696,False,-27.766495378690944,0.39965844932154687,0.07830264773413143,timeout,True,kick,2,0.6760676259940087,True,0,
148,0.17274677753448486,True,-17.683904731241288,0.29777653696874834,-0.087375784459989,tilt,True,torque,5,10.297367493802822,False,,
149,0.41978999972343445,False,-67.32544796360007,0.40133249895520007,-0.22819676067758732,timeout,True,kick,5,1.6143302460233209,False,,
150,0.04623980447649956,False,-22.44029203901618,0.36352155586287477,-0.25932833816856005,timeout,True,wind,3,0.08303279324331968,True,0,0.02875008244688312
151,0.03335727006196976,False,-26.07227868631632,0.4034466337772557,0.0934545856104278,timeout,True,kick,1,0.3284435753980122,True,0,
152,0.030858835205435753,False,-27.281652578735738,0.3649041134182598,0.07141309415630581,timeout,True,kick,5,1.6823560327720768,True,15,
153,0.021119089797139168,False,-27.44266804356356,0.27543987080728966,0.16379720404056514,timeout,True,kick,3,1.0592238483442085,True,21,
154,0.3177950382232666,False,-44.757762887151245,0.2897056150277516,0.2162905516037868,timeout,True,torque,3,4.196363784352753,False,,
155,0.059170570224523544,False,-27.229755649838843,0.3557429602965454,0.11800027953478132,timeout,True,torque,5,12.69310699299993,True,0,
156,0.014110513962805271,False,-26.47245729482861,0.40828251327820525,-0.24967219101258922,timeout,True,wind,3,0.09362327534379866,True,0,0.0313786282359312
157,0.030133962631225586,False,-21.132858511842453,0.2740220513773384,0.09798167142814596,timeout,True,wind,4,0.12848373107882477,True,0,0.029680353325481214
158,0.16055577993392944,True,-15.758603188452872,0.2539485013504484,-0.16113262921701063,tilt,True,torque,5,12.846818308309343,False,,
159,0.6301773190498352,True,-13.441848092088046,0.20925039514041013,-0.09116577514081908,tilt,True,kick,5,1.8875572117092463,False,,
160,0.01717555709183216,False,-24.762425537957714,0.33818043369977463,0.2532662679784147,timeout,True,torque,1,1.838294490255941,True,0,
161,0.04321432113647461,False,-18.725082996595972,0.11756692713044335,-0.08574552930706963,timeout,True,kick,2,0.7723460926464287,True,0,
162,0.015946155413985252,False,-18.595880903793688,0.26155992958417595,0.0068167902055178975,timeout,True,wind,1,0.024453206490554255,True,0,0.021245746314525603
163,0.018327679485082626,False,-23.16567976471196,0.35805579250792735,0.09446477530404279,timeout,True,wind,3,0.08352043868510918,True,0,0.03032243703491986
164,1.1080899238586426,True,-26.3253938090585,0.1532532032981574,-0.2231965131503591,tilt,True,kick,5,1.7863657280807583,False,,
165,0.013695312663912773,False,-24.972035994609424,0.3330238430643392,0.18861465467214628,timeout,True,wind,4,0.1131216338697031,True,0,0.042396606993861496
166,0.20421954989433289,False,-38.08293280388153,0.3217664810701476,-0.1582626669673186,timeout,True,torque,3,5.7825021514245645,False,,
167,0.11295998841524124,True,-17.55556439437214,0.3445794218369775,0.24139438251456163,tilt,True,torque,3,5.6334227792646105,False,,
168,0.03197254613041878,False,-26.041575403221337,0.3746918226141737,0.17625929549548075,timeout,True,kick,3,0.8333071056884708,True,0,
169,0.027358226478099823,False,-20.186153381832494,0.24992663067609688,-0.049311724155304604,timeout,True,torque,1,1.5304712628616217,True,0,
170,0.04885586351156235,False,-23.540619558200838,0.37079484797466583,-0.04699655426921226,timeout,True,kick,2,0.5685953204781832,True,0,
171,0.020262883976101875,False,-24.65707523991374,0.37464115928043806,0.14716443113282424,timeout,True,wind,3,0.0990864210669044,True,0,0.02888628130313009
172,0.40449947118759155,False,-69.73072256927904,0.2037071206086866,-0.16535127276863865,timeout,True,kick,5,1.9484698209949636,False,,
173,0.3986414670944214,True,-19.333594138347443,0.37016417884708114,0.14448098164224948,tilt,True,kick,4,1.4808029582279434,False,,
174,0.02906630001962185,False,-17.762152682226723,0.21144945741730106,0.03081625330968657,timeout,True,wind,1,0.026974579627802215,True,0,0.028506732437138756
175,0.032339807599782944,False,-21.051064552559865,0.39046175637929276,-0.1512623881206926,timeout,True,torque,1,1.6060581486104437,True,0,
176,0.17734107375144958,False,-52.25466604321724,0.3524289346038979,-0.02663355335739187,timeout,True,kick,3,1.0303368590855744,True,47,
177,0.03782951086759567,False,-21.64857112833968,0.2618780136654832,0.05340625765362722,timeout,True,torque,4,6.027456240907851,True,0,
178,0.042095720767974854,False,-29.397567314112226,0.2625517990707407,-0.21392961469730018,timeout,True,kick,3,1.0849119447088886,True,35,
179,0.03973139449954033,False,-20.230964274936238,0.2709711284810024,-0.036485017119182894,timeout,True,wind,4,0.13582446390796016,True,0,0.03134503737092018
180,0.20189622044563293,True,-12.786382478374263,0.30550484495010616,-0.06655450676011007,tilt,True,kick,4,1.2322351509591487,False,,
181,0.04432779550552368,False,-23.584312382033215,0.32940824822403525,-0.09584846378110248,timeout,True,torque,3,5.777128466411905,True,0,
182,0.05425646901130676,False,-19.03281378088479,0.23814810252686294,0.2242108474130578,timeout,True,wind,2,0.06961099215097387,True,0,0.01970173987404754
183,0.0471268892288208,False,-19.459195159178083,0.20108956106793272,-0.07180207028489924,timeout,True,wind,4,0.12588663745707365,True,0,0.0444995681134363
184,0.038358718156814575,False,-19.51499469728782,0.3035805547243101,-0.08998249590897756,timeout,True,wind,3,0.07082371249690203,True,0,0.02621436333283782
185,0.16452790796756744,True,-14.70246283562169,0.3204739641726244,0.22538088672778833,tilt,True,kick,3,0.8333421930823602,False,,
186,0.016271062195301056,False,-21.086676632085663,0.3192610364293067,0.1321609012594051,timeout,True,wind,2,0.06042469765426857,True,0,0.022908166392395894
187,0.263316810131073,True,-12.35064204582876,0.3052387617359046,0.037152052579030814,tilt,True,kick,4,1.3234054617988378,False,,
188,0.03966168314218521,False,-24.418055880208506,0.35703879755783824,-0.25964225080093445,timeout,True,wind,4,0.11474228664602096,True,0,0.0379830931002895
189,0.10317061096429825,True,-17.632978206757368,0.3183452870897568,-0.2197324176546003,tilt,True,torque,3,5.143718464994635,False,,
190,0.023632420226931572,False,-23.659994723224674,0.28734536419375273,-0.004410906614814303,timeout,True,wind,5,0.1671018263256664,True,0,0.07521321126259864
191,0.5899096131324768,True,-21.550482483953953,0.3388182346782749,-0.1562677830037838,tilt,True,kick,5,1.5035439561012098,False,,
192,0.028242772445082664,False,-17.187792638961433,0.22268602596507758,-0.1682099957427589,timeout,True,kick,1,0.4908005415627982,True,0,
193,0.5297361612319946,False,-68.79412848702127,0.12178320836000307,0.2391677874063018,timeout,True,kick,5,1.871724280720833,False,,
194,0.028345881029963493,False,-21.03602068730566,0.2898888118526596,-0.06330421865529501,timeout,True,torque,2,3.8822002550103982,True,0,
195,0.036269210278987885,False,-17.30927829574671,0.20599481536279865,-0.11900612293183224,timeout,True,kick,1,0.3265398264006331,True,0,
196,0.1046859472990036,False,-23.259152331478944,0.22986639848619583,-0.17946271314009793,timeout,True,kick,2,0.6493960881532028,True,0,
197,0.04854915663599968,False,-18.767078984608283,0.18167386830782675,-0.12341497235810336,timeout,True,kick,3,0.8597708414988,True,0,
198,0.08814912289381027,True,-12.790100819001472,0.34101166542415057,-0.12855359110081285,tilt,True,torque,5,9.884902877162201,False,,
199,0.025327734649181366,False,-29.22763343633964,0.4064105726619009,-0.029515995144926976,timeout,True,wind,1,0.020619085670038537,True,0,0.04047553947505852
